{
	"info": {
		"_postman_id": "d09e2557-84b5-40a0-a99c-ea78efba8906",
		"name": "restful-demo-01",
		"schema": "https://schema.getpostman.com/json/collection/v2.1.0/collection.json"
	},
	"item": [
		{
			"name": "登录模块",
			"item": [
				{
					"name": "获取数据",
					"request": {
						"method": "GET",
						"header": [],
						"body": {
							"mode": "raw",
							"raw": ""
						},
						"url": {
							"raw": "http://127.0.0.1:5000/",
							"protocol": "http",
							"host": [
								"127",
								"0",
								"0",
								"1"
							],
							"port": "5000",
							"path": [
								""
							]
						}
					},
					"response": [
						{
							"name": "http://127.0.0.1:5000/",
							"originalRequest": {
								"method": "GET",
								"header": [],
								"body": {
									"mode": "raw",
									"raw": ""
								},
								"url": {
									"raw": "http://127.0.0.1:5000/",
									"protocol": "http",
									"host": [
										"127",
										"0",
										"0",
										"1"
									],
									"port": "5000",
									"path": [
										""
									]
								}
							},
							"status": "OK",
							"code": 200,
							"_postman_previewlanguage": "json",
							"header": [
								{
									"key": "Content-Type",
									"value": "application/json"
								},
								{
									"key": "Content-Length",
									"value": "307"
								},
								{
									"key": "Server",
									"value": "Werkzeug/0.14.1 Python/3.6.4"
								},
								{
									"key": "Date",
									"value": "Thu, 08 Nov 2018 06:40:29 GMT"
								}
							],
							"cookie": [],
							"body": "{\n    \"ataturk\": {\n        \"quote\": [\n            \"Yurtta sulh, cihanda sulh.\",\n            \"Egemenlik verilmez, alınır.\",\n            \"Hayatta en hakiki mürşit ilimdir.\"\n        ]\n    },\n    \"linus\": {\n        \"quote\": [\n            \"Talk is cheap. Show me the code.\"\n        ]\n    }\n}"
						}
					]
				},
				{
					"name": "http://127.0.0.1:5000/",
					"request": {
						"method": "POST",
						"header": [],
						"body": {
							"mode": "formdata",
							"formdata": [
								{
									"key": "quote",
									"value": "A quote from postman, 皮皮虾",
									"type": "text"
								}
							]
						},
						"url": {
							"raw": "http://127.0.0.1:5000/",
							"protocol": "http",
							"host": [
								"127",
								"0",
								"0",
								"1"
							],
							"port": "5000",
							"path": [
								""
							]
						}
					},
					"response": [
						{
							"name": "http://127.0.0.1:5000/",
							"originalRequest": {
								"method": "POST",
								"header": [],
								"body": {
									"mode": "formdata",
									"formdata": [
										{
											"key": "quote",
											"value": "A quote from postman, 皮皮虾",
											"type": "text"
										}
									]
								},
								"url": {
									"raw": "http://127.0.0.1:5000/",
									"protocol": "http",
									"host": [
										"127",
										"0",
										"0",
										"1"
									],
									"port": "5000",
									"path": [
										""
									]
								}
							},
							"status": "OK",
							"code": 200,
							"_postman_previewlanguage": "json",
							"header": [
								{
									"key": "Content-Type",
									"value": "application/json"
								},
								{
									"key": "Content-Length",
									"value": "92"
								},
								{
									"key": "Server",
									"value": "Werkzeug/0.14.1 Python/3.6.4"
								},
								{
									"key": "Date",
									"value": "Thu, 08 Nov 2018 06:40:52 GMT"
								}
							],
							"cookie": [],
							"body": "{\n    \"status\": true,\n    \"quote\": \"A quote from postman, 皮皮虾 added. Good\"\n}"
						}
					]
				},
				{
					"name": "http://127.0.0.1:5000/update/3",
					"request": {
						"method": "PUT",
						"header": [],
						"body": {
							"mode": "formdata",
							"formdata": [
								{
									"key": "quote",
									"value": "A quote from postman, 皮皮虾",
									"type": "text"
								}
							]
						},
						"url": {
							"raw": "http://127.0.0.1:5000/update/3",
							"protocol": "http",
							"host": [
								"127",
								"0",
								"0",
								"1"
							],
							"port": "5000",
							"path": [
								"update",
								"3"
							]
						}
					},
					"response": [
						{
							"name": "http://127.0.0.1:5000/update/3",
							"originalRequest": {
								"method": "PUT",
								"header": [],
								"body": {
									"mode": "formdata",
									"formdata": [
										{
											"key": "quote",
											"value": "A quote from postman, 皮皮虾",
											"type": "text"
										}
									]
								},
								"url": {
									"raw": "http://127.0.0.1:5000/update/3",
									"protocol": "http",
									"host": [
										"127",
										"0",
										"0",
										"1"
									],
									"port": "5000",
									"path": [
										"update",
										"3"
									]
								}
							},
							"status": "OK",
							"code": 200,
							"_postman_previewlanguage": "json",
							"header": [
								{
									"key": "Content-Type",
									"value": "application/json"
								},
								{
									"key": "Content-Length",
									"value": "86"
								},
								{
									"key": "Server",
									"value": "Werkzeug/0.14.1 Python/3.6.4"
								},
								{
									"key": "Date",
									"value": "Thu, 08 Nov 2018 06:41:05 GMT"
								}
							],
							"cookie": [],
							"body": "{\n    \"id\": 3,\n    \"status\": true,\n    \"quote\": \"The quote numbered 3 was updated.\"\n}"
						}
					]
				}
			]
		}
	]
}