{
	"info": {
		"_postman_id": "88fedbc7-102a-4309-a344-487ead9533e2",
		"name": "测试",
		"schema": "https://schema.getpostman.com/json/collection/v2.1.0/collection.json"
	},
	"item": [
		{
			"name": "get 提交",
			"request": {
				"method": "GET",
				"header": [],
				"body": {
					"mode": "raw",
					"raw": ""
				},
				"url": {
					"raw": "http://127.0.0.1:9000/",
					"protocol": "http",
					"host": [
						"127",
						"0",
						"0",
						"1"
					],
					"port": "9000",
					"path": [
						""
					]
				}
			},
			"response": [
				{
					"id": "7c657c95-ee97-4b49-80f8-8a0b1b592e68",
					"name": "get 提交",
					"originalRequest": {
						"method": "GET",
						"header": [],
						"body": {
							"mode": "raw",
							"raw": ""
						},
						"url": {
							"raw": "http://127.0.0.1:9000/",
							"protocol": "http",
							"host": [
								"127",
								"0",
								"0",
								"1"
							],
							"port": "9000",
							"path": [
								""
							]
						}
					},
					"status": "OK",
					"code": 200,
					"_postman_previewlanguage": "json",
					"header": [
						{
							"key": "Content-Length",
							"value": "307",
							"name": "Content-Length",
							"description": "The length of the response body in octets (8-bit bytes)"
						},
						{
							"key": "Content-Type",
							"value": "application/json",
							"name": "Content-Type",
							"description": "The mime type of this content"
						},
						{
							"key": "Date",
							"value": "Thu, 08 Nov 2018 07:10:29 GMT",
							"name": "Date",
							"description": "The date and time that the message was sent"
						},
						{
							"key": "Server",
							"value": "Werkzeug/0.14.1 Python/3.6.4",
							"name": "Server",
							"description": "A name for the server"
						}
					],
					"cookie": [],
					"body": "{\n    \"ataturk\": {\n        \"quote\": [\n            \"Yurtta sulh, cihanda sulh.\",\n            \"Egemenlik verilmez, al\\u0131n\\u0131r.\",\n            \"Hayatta en hakiki m\\u00fcr\\u015fit ilimdir.\"\n        ]\n    },\n    \"linus\": {\n        \"quote\": [\n            \"Talk is cheap. Show me the code.\"\n        ]\n    }\n}\n"
				}
			]
		},
		{
			"name": "修改 upt提交",
			"request": {
				"method": "PUT",
				"header": [
					{
						"key": "",
						"value": ""
					}
				],
				"body": {
					"mode": "raw",
					"raw": ""
				},
				"url": {
					"raw": "http://127.0.0.1:9000/update/20",
					"protocol": "http",
					"host": [
						"127",
						"0",
						"0",
						"1"
					],
					"port": "9000",
					"path": [
						"update",
						"20"
					]
				},
				"description": "测试put \nput用于修改数据"
			},
			"response": [
				{
					"id": "b79a5e76-4f33-4c2f-b949-8455c44aadd2",
					"name": "修改 upt提交",
					"originalRequest": {
						"method": "PUT",
						"header": [],
						"body": {
							"mode": "raw",
							"raw": ""
						},
						"url": {
							"raw": "http://127.0.0.1:9000/update/20",
							"protocol": "http",
							"host": [
								"127",
								"0",
								"0",
								"1"
							],
							"port": "9000",
							"path": [
								"update",
								"20"
							]
						}
					},
					"status": "OK",
					"code": 200,
					"_postman_previewlanguage": "json",
					"header": [
						{
							"key": "Content-Length",
							"value": "88",
							"name": "Content-Length",
							"description": "The length of the response body in octets (8-bit bytes)"
						},
						{
							"key": "Content-Type",
							"value": "application/json",
							"name": "Content-Type",
							"description": "The mime type of this content"
						},
						{
							"key": "Date",
							"value": "Thu, 08 Nov 2018 07:11:04 GMT",
							"name": "Date",
							"description": "The date and time that the message was sent"
						},
						{
							"key": "Server",
							"value": "Werkzeug/0.14.1 Python/3.6.4",
							"name": "Server",
							"description": "A name for the server"
						}
					],
					"cookie": [],
					"body": "{\n    \"id\": 20,\n    \"status\": true,\n    \"quote\": \"The quote numbered 20 was updated.\"\n}\n"
				}
			]
		},
		{
			"name": "post 提交",
			"request": {
				"method": "POST",
				"header": [
					{
						"key": "",
						"value": ""
					}
				],
				"body": {
					"mode": "formdata",
					"formdata": [
						{
							"key": "status",
							"value": "true",
							"type": "text"
						},
						{
							"key": "quote",
							"value": "的事故发生的",
							"type": "text"
						}
					]
				},
				"url": {
					"raw": "http://127.0.0.1:9000/",
					"protocol": "http",
					"host": [
						"127",
						"0",
						"0",
						"1"
					],
					"port": "9000",
					"path": [
						""
					]
				},
				"description": "post  用于登录 或注册\n"
			},
			"response": [
				{
					"id": "8740465f-9d57-4c40-929b-65d44fdb57c2",
					"name": "post 提交",
					"originalRequest": {
						"method": "POST",
						"header": [],
						"body": {
							"mode": "formdata",
							"formdata": [
								{
									"key": "status",
									"value": "true",
									"type": "text"
								},
								{
									"key": "quote",
									"value": "的事故发生的",
									"type": "text"
								}
							]
						},
						"url": {
							"raw": "http://127.0.0.1:9000/",
							"protocol": "http",
							"host": [
								"127",
								"0",
								"0",
								"1"
							],
							"port": "9000",
							"path": [
								""
							]
						}
					},
					"status": "OK",
					"code": 200,
					"_postman_previewlanguage": "json",
					"header": [
						{
							"key": "Content-Length",
							"value": "88",
							"name": "Content-Length",
							"description": "The length of the response body in octets (8-bit bytes)"
						},
						{
							"key": "Content-Type",
							"value": "application/json",
							"name": "Content-Type",
							"description": "The mime type of this content"
						},
						{
							"key": "Date",
							"value": "Thu, 08 Nov 2018 07:11:15 GMT",
							"name": "Date",
							"description": "The date and time that the message was sent"
						},
						{
							"key": "Server",
							"value": "Werkzeug/0.14.1 Python/3.6.4",
							"name": "Server",
							"description": "A name for the server"
						}
					],
					"cookie": [],
					"body": "{\n    \"status\": true,\n    \"quote\": \"\\u7684\\u4e8b\\u6545\\u53d1\\u751f\\u7684 added. Good\"\n}\n"
				}
			]
		}
	]
}